<?xml version="1.0"?>
<div3 type="letter">
<bibl xml:id="lt-18500120-TC-JAC-01">
                      <docDate value="1850-01-20">20 January 1850</docDate>
                      <idno type="firstpage">225</idno>
                      <idno type="lastpage">225</idno>
                      <docAuthor>
                        <name type="first">Thomas</name>
                        <name type="last">Carlyle</name>
                      </docAuthor>
                      <person type="sender">TC</person>
                      <person type="addressee">JOHN A. CARLYLE</person>
                    </bibl>
<sourceNote>TC-JAC, <date when="1850-01-20">20 Jan. 1850</date>. MS: NLS Acc. 9086 inc. Hitherto unpbd. This is the last page of TC to JC, <date when="1867-01-20">20 Jan.</date>, pbd. inc: 25:5–6.</sourceNote><head>
                      <person type="sender">
                        <pb id="pg-44-224" n="44:224"/>
                        <pb id="pg-44-225" n="44:225"/>TC</person> TO <person type="addressee">JOHN A. CARLYLE</person>
                      </head><docBody>
                        <dateline>
                          <place>Chelsea</place>, <date when="1867-06-24">24 June 1867?</date>
                        </dateline>
                        <p>[<date when="1850-01-20">20 January 1850</date>]</p>
                        <p>(No 2)</p>
                        <p>him too. Then from the remainder
<note n="1" place="bottom" type="gloss" >TC had sent James a banker’s draft to repay money he owed to James and to John A. Carlyle.</note>
 will you give two sovereigns to Isabella with my best New year’s wishes;—and what remains after all that, will you divide arithmetically into 3 equal portions; one for Jamie; one for John; and one for that brisk little Lass
<note n="2" place="bottom" type="gloss" >James’s wife, Isabella, and their children, James, John, and Jenny.</note>
 that <hi rend="italic">has</hi> sense, a fair share of sense, and is fast getting more! Especially the odd <hi rend="italic">copper</hi> (if any), see that these youngsters get that. And there is all I have to trouble you with for this time.———</p>
                        <p>Jane has been writing to John this day;
<note n="3" place="bottom" type="gloss" >For JWC’s letter to John A. Carlyle, see <ref target="volume-25/lt-18500100-JWC-JAC-01">
                          <sic>25:15–17</sic>
                          <corr>JWC to JAC, [<date when="1850-01-00">late January 1850</date>]</corr>
                        </ref>; previously dated [late Jan.], it can now be dated [<date when="1867-01-20">20 Jan.</date>].</note>
 and has not yet quite done, I believe. Bid him write again immediately, and forgive me for the bustle that has kept me silent.— My good dear Mother, how is she! Tell her not to be uneasy about those “Pamphlets,” or my growling about the “Niggers”:
<note n="4" place="bottom" type="gloss" >TC’s <hi rend="italic">Latter-Day Pamphlets</hi> was pbd. <date when="1850-00-00">1850</date>, and his essay, “Occasional Discourse on the Negro Question,” pbd. <hi rend="italic">Fraser’s Magazine</hi> 40 (<date when="1849-12-00">Dec. 1849</date>): 670–79; see <ref target="volume-24/lt-18491110-JWC-JAC-01">
                        <sic>24:285</sic>
                        <corr>JWC to JAC, [<date when="1849-11-10">10 Nov. 1849</date>]</corr>
                      </ref>.</note>
 she will see better, by and by, what I mean, and will find it to come all in “like the lug of a stoup” at the end.—— —— They tell me you are very well since your Edinburgh journey;
<note n="5" place="bottom" type="gloss" >James had been to Edinburgh for surgery; see <ref target="volume-24/lt-18491017-JWC-JCA-01">
                      <sic>24:272</sic>
                      <corr>JWC to JCA, [<date when="1849-10-17">17 Oct. 1849</date>]</corr>
                      </ref>.</note>
 which gives us great satisfaction to hear.</p>
                      <p>Adieu, dear Brother; I add no more this night, having indeed written far more than I counted on. My blessings on my dear old Mother, and on all of you.</p>
                      <closer>
                        <salute>Ever your affectionate</salute>

<name>
                          <name>T. Carlyle</name>
                        </name>

                      </closer>
                    </docBody></div3>


<div3 type="letter">
<bibl xml:id="lt-18500308-TC-WEF-01">
                      <docDate value="1850-03-08">8 March, 1850</docDate>
                      <idno type="firstpage">226</idno>
                      <idno type="lastpage">226</idno>
                      <docAuthor>
                        <name type="first">Thomas</name>
                        <name type="last">Carlyle</name>
                      </docAuthor>
                      <person type="sender">TC</person>
                      <person type="addressee">WILLIAM EDWARD FORSTER</person>
                    </bibl>
<sourceNote>TC-WEF, <date when="1850-03-08">8 March 1850</date>. MS: Armstrong Browning. Hitherto unpbd. William Edward Forster (<date when="1818-00-00">1818</date>–<date when="1886-00-00">86</date>; <ref target="volume-44/http://www.oxforddnb.com/view/article/9926">
                      <hi rend="italic">ODNB</hi>
                      </ref>), textile manufacturer; M.P. for Bradford from <date when="1861-00-00">1861</date>; friend of the Carlyles’ since the early <date when="1840-00-00">1840</date>s. The letter follows <ref target="volume-26/lt-18500308-TC-JCA-01">TC to JCA, <date when="1850-03-08">8 March 1850</date>
                    </ref>
                    <!-- ([25, not 26]26:42&#8211;43) -->.</sourceNote><head>
                      <person type="sender">
                        <pb id="pg-44-226" n="44:226"/>TC</person> TO <person type="addressee">WILLIAM EDWARD FORSTER</person>
                      </head><docBody>
                        <dateline>
                          <place>Chelsea</place>, <date when="1850-03-08">8 March, 1850</date>
                        </dateline>
                        <salute>Dear Forster,</salute>
                        <p>I very heartily rejoice to hear you are going to wed,
<note n="1" place="bottom" type="gloss" >Forster m., <date when="1850-08-15">15 Aug. 1850</date>, Jane Martha Arnold (<date when="1821-00-00">1821</date>–<date when="1899-00-00">99</date>), eldest da. of Thomas Arnold (<date when="1795-00-00">1795</date>–<date when="1842-00-00">1842</date>; <ref target="volume-44/http://www.oxforddnb.com/view/article/687">
                          <hi rend="italic">ODNB</hi>
                          </ref>), and Mary, b. Penrose (<date when="1791-00-00">1791</date>–<date when="1873-00-00">1873</date>).</note>
 and settle yourself so far, out of your wayfarings, into a steady domestic course, and to the New duties that will grow to you from that. May it in all senses be happy and blessed for you.</p>
                          <p>I do not recollect your young Lady out of the group I saw once at Rugby,
<note n="2" place="bottom" type="gloss" >Thomas Arnold was headmaster of Rugby School <date when="1826-00-00">1826</date>–<date when="1842-00-00">42</date>; TC visited him there <date when="1867-00-06">6</date>–<date when="1842-05-07">7 May 1842</date>; see <ref target="volume-14/lt-18420506-TC-MAC-01">
                            <sic>14:180</sic>
                            <corr>TC to MAC, [<date when="1842-05-06">6 May 1842</date>]</corr>
                            </ref>; the Arnolds had nine surviving children.</note>
 but they were all fine young creatures, pleasant to look upon outwardly and inwardly; and this one, I will say, must little resemble either Father or Mother, if your omens are not <hi rend="italic">good</hi> of their kind. That is a great point. For a given amount of worth and welldoing must exist in the matrimonial as in other <hi rend="italic">firms</hi>, or it will go bankrupt to a certainty; and surely it is much handier that there be a good stock of capital in that kind on <hi rend="italic">both</hi> sides!</p>
                            <p>I am infinitely busy at this time; fritted all to pieces with that miserable Pamphlet work,
<note n="3" place="bottom" type="gloss" >TC’s <hi rend="italic">Latter Day Pamphlets</hi>, pbd. Feb.—<date when="1850-08-00">Aug. 1850</date>.</note>
 and with the new nonsense (superadded to so much old) which it involves me in: NO more, therefore. With my kindest wishes to you and your fair Life-partner, I am always</p>
                            <closer>
                              <salute>Sincerely yours /</salute>

<name>
                                <name>T. Carlyle</name>
                              </name>

                            </closer>
                            <postscript>
                              <p>My faithful remembrances and grateful respects to Mrs Arnold,
<note n="4" place="bottom" type="gloss" >Mary Arnold; she and her family lived at Rydal, Westmoreland.</note>
 who I know will accept them.—— Jane, I suppose, has been writing to you: but she is gone out, and I do not know. Again, <hi rend="italic">Vale</hi>
                            </p>
                          </postscript>
                        </docBody></div3>


<div3 type="letter">
<bibl xml:id="lt-18500323-TC-JCH-01">
                          <docDate value="1850-01-20">23 March, 1850</docDate>
                          <idno type="firstpage">227</idno>
                          <idno type="lastpage">227</idno>
                          <docAuthor>
                            <name type="first">Thomas</name>
                            <name type="last">Carlyle</name>
                          </docAuthor>
                          <person type="sender">TC</person>
                          <person type="addressee">JOHN CHAPMAN</person>
                        </bibl>
<sourceNote>TC-JC [JCH], <date when="1850-03-23">23 March 1850</date>. MS: Huntington. Hitherto unpbd. John Chapman (<date when="1821-00-00">1821</date>–<date when="1894-00-00">94</date>; <ref target="volume-44/http://www.oxforddnb.com/view/article/5123">
                          <hi rend="italic">ODNB</hi>
                          </ref>), publisher and physician; agent for American publishers. The letter follows <ref target="volume-25/lt-18500322-TC-CRO-01">TC to [CRO?], <date when="1850-03-22">22 March 1850</date>
                          </ref>, about the arrangement Chapman had made with Phillips, Sampson, &amp; Co., and asking for pamphlet no. 3.<!--; see 25:54  --> John Chapman had no connection with Chapman &amp; Hall, the publishers of <hi rend="italic">Latter-Day Pamphlets</hi> in Britain.</sourceNote><head>
                            <person type="sender">
                              <pb id="pg-44-227" n="44:227"/>TC</person> TO <person type="addressee">JOHN CHAPMAN</person>
                            </head><docBody>
                              <dateline>
                                <place>Chelsea</place>, <date when="1850-03-23">23 March, 1850</date>
                              </dateline>
                              <salute>Dear Sir,</salute>
                              <p>The Draft is safe here: Four Pound ten, for Latter-Day Pamphlet N<hi rend="italic">o</hi> 3;—to which, good luck in America!
<note n="1" place="bottom" type="gloss" >The authorized edn. of <hi rend="italic">Latter-Day Pamphlets</hi> was pbd. in the U.S. by Phillips, Sampson, &amp; Co., Boston (<date when="1850-00-00">1850</date>); see <ref target="volume-25/lt-18500322-TC-CRO-01">
                                <sic>25:54</sic>
                                <corr>TC to CRO, <date when="1850-03-22">22 March 1850</date>
                              </corr>
                              </ref>; an unauthorized edn. was pbd. by Harper &amp; Brothers, New York (<date when="1850-00-00">1850</date>); see Tarr 151.</note>

                            </p>
                            <p>With many thanks</p>
                            <closer>
                              <salute>Yours sincerely /</salute>

<name>
                                <name>T. Carlyle</name>
                              </name>

                            </closer>
                            <postscript>
                              <p>John Chapman Esqr, Publisher / 142. Strand</p>
                            </postscript>
                          </docBody></div3>


<div3 type="letter">
<bibl xml:id="lt-18501128-TC-JGLY-01">
                            <docDate value="1850-11-28">28 Nov<hi rend="italic">r</hi> 1850</docDate>
                            <idno type="firstpage">227</idno>
                            <idno type="lastpage">228</idno>
                            <docAuthor>
                              <name type="first">Thomas</name>
                              <name type="last">Carlyle</name>
                            </docAuthor>
                            <person type="sender">TC</person>
                            <person type="addressee">JOHN GLYDE</person>
                          </bibl>
<sourceNote>TC-JG [JGLY], <date when="1850-11-28">28 Nov. 1850</date>. MS: EUL. Hitherto unpbd. John Glyde (<date when="1823-00-00">1823</date>–<date when="1905-00-00">1905</date>; <ref target="volume-44/http://www.oxforddnb.com/view/article/49137">
                            <hi rend="italic">ODNB</hi>
                            </ref>), commentator and antiquary. The letter precedes <ref target="volume-25/lt-18501128-TC-EBC-01">TC to E. B. Cowell, [<date when="1850-11-25">25 Nov. 1850</date>]</ref>, where TC refers to his testimonial<!-- ; see 25:295 -->.</sourceNote><head>
                              <person type="sender">TC</person> TO <person type="addressee">JOHN GLYDE</person>
                            </head><docBody>
                              <p>I have not heard Mr Maccall
<note n="1" place="bottom" type="gloss" >William Maccall, writer and public speaker, known to TC since; see <ref target="volume-23/lt18480805-TC-WM-01">
                                <sic>23:89</sic>TC to WM, <date when="1848-08-05">5 Aug. 1848</date>
                                </ref>.</note>
 lecture; but have read various Pieces of his writing, and have often had the pleasure of conversing with him; and can very freely testify that he is a man of original, penetrating and accomplished mind, who has read, observed and reflected much, and with an earnestness, sincerity, and sharpness of vision which are very uncommon in our epoch. A man of elevated, devout and manful character; who, for his years, has had many experiences in this world, and has generally conquered these, and not been conquered by them;
<note n="2" place="bottom" type="gloss" >Maccall had a varied career, starting in the dragoons, and then becoming involved with various churches, finally embracing Unitarianism, moving to London in <date when="1846-00-00">1846</date>, and supporting himself and his family by preaching and writing.</note>
 —whose conclusions, whether they differ from the common or agree with the common, are emphatically his own and well worthy of consideration.</p>
                                <p>In the way of Lecturing, I should expect from him a free and lucid style of utterance, not rhetorical or ornamental so much as pregnant and impressive; tinged, on occasion, with generous affection and enthusiasm; tempered too perhaps with here and there a shade of pungent contradiction or hidden satiric humour;—and, on the whole, whatever the subject were, conveying to other minds, in a very singular degree indeed, what to his own mind was fact <pb id="pg-44-228" n="44:228"/>and conviction, not hearsay, hypothesis and plausible commonplace. A Lecturer, or Speaker, extremely well worth encouraging to speak, among the kind now commonest among us!
<note n="3" place="bottom" type="gloss" >TC continued to encourage and recommend Maccall for many years; see, for instance, TC to WM, <date when="1867-07-02">2 July 1867</date>.</note>

                              </p>
                              <closer>
                                <salute>Thomas Carlyle</salute>
                              </closer>
                              <postscript>
                                <p>5. Cheyne Row, <place>Chelsea</place> / <date when="1850-11-28">28 Nov<hi rend="italic">r</hi> 1850</date>—</p>
                                <p>To John Glyde Esq, Ipswich: / Care of W. Maccall Esq</p>
                              </postscript>
                            </docBody></div3>


<div3 type="letter">
<bibl xml:id="lt-18510700-TC-BWP-01">
                              <docDate value="1851-07-00">July 1851</docDate>
                              <idno type="firstpage">228</idno>
                              <idno type="lastpage">228</idno>
                              <docAuthor>
                                <name type="first">Thomas</name>
                                <name type="last">Carlyle</name>
                              </docAuthor>
                              <person type="sender">TC</person>
                              <person type="addressee">[B. W. PROCTER] </person>
                            </bibl>
<sourceNote>TC-[BWP] or UC [BWP], [<date when="1851-07-00">July 1851</date>?]. MS: Prof. Peter F. Morgan. Hitherto unpbd. Recipient possibly Bryan Waller Procter (<date when="1787-00-00">1787</date>–<date when="1874-00-00">1874</date>; <ref target="volume-44/http://www.oxforddnb.com/view/article/22835">
                              <hi rend="italic">ODNB</hi>
                            </ref>), poet and lawyer; TC had promised an article for the magazine <hi rend="italic">Keepsake</hi>, which Procter was involved in editing; otherwise unidentified. The letter, if to Procter, <date when="1851-07-00">July 1851</date>, would precede TC to ABP, <date when="1867-07-19">19 July</date> [<date when="1851-00-00">1851</date>]; see <ref target="volume-26/lt-18510719-TC-ABP-01">
                            <sic>26:109</sic>
                            <corr>TC to ABP, <date when="1851-07-24">24 July 1851</date>
                          </corr>
                          </ref>.</sourceNote><head>
                            <person type="sender">TC</person> TO <person type="addressee">B. W. PROCTER</person>
                          </head><docBody>
                            <p>Mrs Procter is to be here on Friday Ev<hi rend="italic">g</hi>;
<note n="1" place="bottom" type="gloss" >Anne Benson Procter, b. Skepper (<date when="1799-00-00">1799</date>–<date when="1888-00-00">1888</date>); TC had expected her to call and collect the article, <date when="1851-07-19">19 July 1851</date>.</note>
 and I will, by her, report more distinctly Yes or no, and if Yes, also how much.</p>
                            <closer>
                              <salute>Yours ever truly</salute>

<name>
                                <name>T. Carlyle</name>
                                </name>
—</closer>
                              </docBody></div3>


<div3 type="letter">
<bibl xml:id="lt-18511130-TC-AWH-01">
                                <docDate value="1851-11-30">30 Nov<hi rend="italic">r</hi>, 1851</docDate>
                                <idno type="firstpage">228</idno>
                                <idno type="lastpage">229</idno>
                                <docAuthor>
                                  <name type="first">Thomas</name>
                                  <name type="last">Carlyle</name>
                                </docAuthor>
                                <person type="sender">TC</person>
                                <person type="addressee">ADAM WHITE</person>
                              </bibl>
<sourceNote>TC-AW [AWH], <date when="1851-11-30">30 Nov. 1851</date>. MS: EUL. Hitherto unpbd. Adam White (<date when="1817-00-00">1817</date>–<date when="1878-00-00">78</date>; <ref target="volume-44/http://www.oxforddnb.com/view/article/29234">
                                <hi rend="italic">ODNB</hi>
                                </ref>), naturalist and author; assistant in the zoological branch of the dept. of natural history at the British Museum. This letter precedes <ref target="volume-26/lt-18511130-TC-EHA-01">TC to EHA, <date when="1851-11-30">30 Nov. 1851</date>
                              </ref>.<!-- ; see <ref target="volume-26/lt-18511130-TC-EHA-01">
                              <sic>26:245</sic>
                              <corr>TC to EHA, <date when="1851-11-30">30 Nov. 1851</date>
                            </corr>
                          </ref>. -->
                        </sourceNote><head>
                          <person type="sender">TC</person> TO <person type="addressee">ADAM WHITE</person>
                        </head><docBody>
                          <dateline>
                            <place>Chelsea</place>, <date when="1851-11-30">30 Nov<hi rend="italic">r</hi>, 1851</date>—</dateline>
                            <salute>Dear Sir,</salute>
                            <p>I am much afraid you will get little light out of me in reference to this scheme of yours: but, for the sake of the Introduction
<note n="1" place="bottom" type="gloss" >TC had received a request to meet Adam White (see <ref target="volume-26/lt-18511130-TC-EHA-01">
                              <sic>26:245</sic>
                              <corr>TC to EHA, <date when="1851-11-30">30 Nov. 1851</date>
                            </corr>
                            </ref>) from Elizabeth Hamilton, b. Martin (<date when="1799-00-00">1799</date>–<date when="1859-00-00">1859</date>), recent winow of William Hamilton (d. <date when="1851-00-00">1851</date>), old friend of TC’s. White’s “scheme” is unidentified.</note>
 you carry, were there no other consideration, I am very willing to meet you as desired.</p>
                            <p>I generally leave home for walking, about 3 p.m.; and you do not seem to be at liberty till 4. Our best plan therefore will be, that you come to the London Library (12. St James’s Square) on Tuesday, at a quarter past 4, and there ask for me: I shall endeavour to be in waiting for you at that time; and we can <pb id="pg-44-229" n="44:229"/>adjourn for half an hour, into the Parks,
<note n="2" place="bottom" type="gloss" >St. James’s Park and Green Park, both near the London Lib.</note>
 and there peripatetically deliberate on what you have to propose.</p>
                            <closer>
                              <salute>Believe me / Yours very truly</salute> T. Carlyle</closer>
                              <postscript>
                                <p>Adam White Esq></p>
                              </postscript>
                            </docBody></div3>


<div3 type="letter">
<bibl xml:id="lt-18530725-TC-WHB-01">
                              <docDate value="1853-07-25">25 July 1853</docDate>
                              <idno type="firstpage">229</idno>
                              <idno type="lastpage">229</idno>
                              <docAuthor>
                                <name type="first">Thomas</name>
                                <name type="last">Carlyle</name>
                              </docAuthor>
                              <person type="sender">TC</person>
                              <person type="addressee">WILLIAM H. BROOKFIELD</person>
                            </bibl>
<sourceNote>TC-WHB, [<date when="1853-07-25">25 July 1853</date>]. MS: Pierpont Morgan Lib. Hitherto unpbd. Rev. William Henry Brookfield (<date when="1809-00-00">1809</date>–<date when="1874-00-00">74</date>; <ref target="volume-44/http://www.oxforddnb.com/view/article/3561">
                              <hi rend="italic">ODNB</hi>
                            </ref>), clergyman and school inspector. Dated by Brookfield’s invitation to TC (“a well known Iconoclast”) to dine on Mon. <date when="1867-07-25">25 July</date>; see <ref target="volume-28/lt-18530725-TC-JWC-01">
                            <sic>28:219–20</sic>
                            <corr>TC to JWC, <date when="1853-07-25">25 July 1853</date>
                          </corr>
                          </ref>.</sourceNote><head>
                            <person type="sender">TC</person> TO <person type="addressee">WILLIAM H. BROOKFIELD</person>
                          </head><docBody>
                            <p>
                              <salute>Dear Brookfield</salute>,—I was nearly killed last night: if I dine <hi rend="italic">again</hi> without pause— Good Heavens!</p>
                              <p>Well, if I possibly can or dare, I will nevertheless;—and unless you hear something from me about 4 p.m., expect me, you sinful being!</p>
                              <closer>

<name>
                                  <name>T. Carlyle</name>
                                </name>

                              </closer>
                              <postscript>
                                <p>
                                  <place>Chelsea</place>, Monday Morning [<date when="1853-07-25">25 July 1853</date>]</p>
                                </postscript>
                              </docBody></div3>


<div3 type="letter">
<bibl xml:id="lt-18531224-TC-DRA-01">
                                <docDate value="1853-12-24">24th day of December 1853</docDate>
                                <idno type="firstpage">229</idno>
                                <idno type="lastpage">229</idno>
                                <docAuthor>
                                  <name type="first">Thomas</name>
                                  <name type="last">Carlyle</name>
                                </docAuthor>
                                <person type="sender">TC</person>
                                <person type="addressee">DOMENICO RONCA’S AGREEMENT</person>
                              </bibl>
<sourceNote>Domenico Ronca’s agreement [DRA], <date when="1853-12-24">24 Dec. 1853</date>. MS: NLS Acc. 10582. <!-- This agreement and receipt from -->Domenico Ronca (<date when="1816-00-00">1816</date>?–<date when="1862-00-00">62</date>), carpenter, the Carlyles’ neighbors at 6 Cheyne Row<!-- , can be read as note 2 to TC to JWC, <date when="1853-12-23">23 Dec. 1853</date> -->: “You have done the Roncas I hope; for they seemed to be under the <hi rend="italic">screw</hi> somehow, and <hi rend="italic">you</hi> were not the hand to be soft with them in that case. A strictly imprisoned Macaw, poultry <hi rend="italic">boiled</hi> all into quiescent <hi rend="italic">soup</hi>,—and a hint too about the noisy drawingroom might perhaps not be improper? Do your best; I know you will. £5 or £50, really at either price it is cheap to have done with them!” (<!-- 28:347 -->
                                <ref target="volume-28/lt-18531223-TC-JWC-01">TC to JWC, <date when="1853-12-23">23 Dec. 1853</date>
                                </ref>); see also <ref target="volume-44/lt-18531224-TC-DRR-01">Domenico Ronca’s receipt</ref>.</sourceNote><head>
                                  <person type="sender">TC</person>: <person type="addressee">DOMENICO RONCA’S AGREEMENT</person>
                                </head><docBody>
                                  <dateline>
                                    <place>Chelsea</place>, <date when="1851-11-30">30 Nov<hi rend="italic">r</hi>, 1851</date>—</dateline>
                                    <p>In consideration of the sum of five pounds paid to me this day by Thomas Carlyle Esq<hi rend="italic">r</hi> I hereby promise and agree that I will immediately remove the fowls and other birds from my house and premises N<hi rend="italic">o</hi> 6 Great Cheyne Row Chelsea and undertake that no fowls or other nuisance shall ever be kept by me or any other person upon the said premises N<hi rend="italic">o</hi> 6 Great Cheyne Row Chelsea or any part thereof during my tenancy under a penalty of Ten pounds to be forfeited to the said Thomas Carlyle Esq<hi rend="italic">r</hi> to be recoverable in her Majesty’s court of Law— Witness my hand this <date when="1853-12-24">24th day of December 1853</date>

<note n="1" place="bottom" type="gloss" >JWC wrote to Mary Russell, <date when="1853-12-30">30 Dec. 1853</date>: “[O]n having this agreement put in my hand by their house agent I—burst into tears! And should have kissed the man if he had not been so <hi rend="italic">ugly</hi>!” (
                                      <ref target="volume-28/lt-18531230-JWC-MR-01">JWC to MR, <date when="1853-12-30">30 Dec. 1853</date>
                                      </ref>); the agent is wrongly identified there as “Mr. Owlton.”</note>

                                    </p>
                                    <p>Domenico Ronca</p>
                                    <p>Witness Tho<hi rend="italic">s</hi> Oughton
<note n="2" place="bottom" type="gloss" >Thomas Oughton (b. <date when="1826-00-00">1826</date>), Chelsea income tax collector; see <ref target="volume-40/lt-18640529-TC-HL-01">
                                      <sic>40:106</sic>
                                      <corr>TC to HL, <date when="1864-05-29">29 May 1864</date>
                                    </corr>
                                    </ref>.</note>

                                  </p>
                                </docBody></div3>


<div3 type="letter">
<bibl xml:id="lt-18531224-TC-DRR-01">
                                  <docDate value="1853-12-24">December 24 1853</docDate>
                                  <idno type="firstpage">230</idno>
                                  <idno type="lastpage">230</idno>
                                  <docAuthor>
                                    <name type="first">Thomas</name>
                                    <name type="last">Carlyle</name>
                                  </docAuthor>
                                  <person type="sender">TC</person>
                                  <person type="addressee">DOMENICO RONCA’S RECEIPT</person>
                                </bibl>
<sourceNote>Domenico Ronca’s receipt [DRR], <date when="1853-12-24">24 Dec. 1853</date>. See <ref target="volume-44/lt-18531224-TC-DRA-01">Domenico Ronca’s agreement</ref>.</sourceNote><head>
                                  <person type="sender">
                                    <pb id="pg-44-230" n="44:230"/>TC</person>: <person type="addressee">DOMENICO RONCA’S RECEIPT</person>
                                  </head><docBody>
                                    <dateline>
                                      <place>Chelsea</place>, <date when="1853-12-24">December 24 1853</date>—</dateline>
                                      <p>Received of Thomas Carlyle Esqr the sum of Five pounds consideration money as marked and set forth in agreement signed by me this day</p>
                                      <p>£5. 0. 0 Domenico Ronca
<note n="3" place="bottom" type="gloss" >A penny black stamp, top left corner of the receipt, has “D. R.” written over it.</note>

                                    </p>
                                  </docBody></div3>


<div3 type="letter">
<bibl xml:id="lt-18541000-TC-JN-01">
                                    <docDate value="1854-10-00">October 1854</docDate>
                                    <idno type="firstpage">230</idno>
                                    <idno type="lastpage">231</idno>
                                    <docAuthor>
                                      <name type="first">Thomas</name>
                                      <name type="last">Carlyle</name>
                                    </docAuthor>
                                    <person type="sender">TC</person>
                                    <person type="addressee">JOSEPH NEUBERG</person>
                                  </bibl>
<sourceNote>TC-JN, [ca. <date when="1854-10-00">Oct. 1854</date>]. MS: NLS 553.287. Hitherto unpbd. Conjecturally dated after <ref target="volume-29/lt-18541008-TC-JN-01">TC to JN, <date when="1854-10-8">8 Oct. 1854</date>
                                </ref>
                                <!-- (29:164&#8211;67) -->, when TC had other research requests for Neuberg; TC was writing about Martin Luther (<date when="1483-00-00">1483</date>–<date when="1545-00-00">1545</date>), protestant reformer, for vol. 1 of <hi rend="italic">Frederick the Great</hi> at this time.</sourceNote><head>
                                  <person type="sender">TC</person> TO <person type="addressee">JOSEPH NEUBERG</person>
                                </head><docBody>
                                  <dateline>[<date when="1853-12-00">October 1854</date>]—</dateline>
                                  <p>
                                    <salute>Dear Neuberg</salute>,—By a kind of miracle (after much vain seeking) I have found the passage from Luther which you are in quest of.
<note n="1" place="bottom" type="gloss" >On a separate page TC has written out some notes relating to Luther, and the passage from Luther in German.</note>
 By a very little cooking you will make it ready for table.</p>
                                    <p>I do not think you will need to consult the <hi rend="italic">Museum</hi> this time (unless you like); but it is very proper you should have access there for what purposes soever;
<note n="2" place="bottom" type="gloss" >British Museum reading room; see <ref target="volume-29/lt-18540606-TC-JAC-01">
                                      <sic>29:113</sic>
                                      <corr>TC to JAC, <date when="1854-06-06">6 June 1854</date>
                                    </corr>
                                    </ref>.</note>
 therefore I send you the due <hi rend="italic">Note</hi>, which pray deliver:—or if you have an <hi rend="italic">old</hi> Ticket (i.e. were <hi rend="italic">ever</hi> a “reader” in that Establish<hi rend="italic">t</hi>), you have only to present yourself in the reading room, to signify that fact (and the approximate <hi rend="italic">date</hi>), upon wh<hi rend="italic">h</hi> they will at once reinstate you.— Terribly off for <hi rend="italic">pens</hi> &amp;c &amp;c! Yours every truly T. Carlyle</p>
                                    <p>TC’S NOTES FOR NEUBERG</p>
                                    <p>Luther to Churfürst [prince] Friedrich
<note n="3" place="bottom" type="gloss" >Letter untraced; possibly Friedrich (<date when="1460-00-00">1460</date>–<date when="1536-00-00">1536</date>), margrave of Ansbach-Bayreuth, father of Georg (see n. 7).</note>
 (?); date, Borna <date when="1522-03-05">5 March 1522</date> (? It is about Karlstadt’s affair of <hi rend="italic">Bilderstürmerei</hi>, towards which Luther is hastening, contrary to Churfürst’s dissuasions;
<note n="4" place="bottom" type="gloss" >Unexplained. “Bilderstürmerei” meant a quarrel about pictures; possibly something untraced in Andreas Bodenstein von Karlstadt, <hi rend="italic">Von Abthieung der Bylder</hi> [the dangers of pictures] (Wittenberg, <date when="1822-00-00">1822</date>).</note>
 “Borna” must be somewhere on the road from the Wartburg to Wittenberg:
<note n="5" place="bottom" type="gloss" >Borna, Saxony, is 85 mi. (137 km.) S of Wittenberg, and 119 mi. (192 km.) E of the Wartburg, Eisenach. Luther was from Wittenberg; the Wartburg was a castle nr. Eisenach (see <ref target="volume-29/lt-18541008-TC-JN-01">
                                      <sic>29:166</sic>
                                      <corr>TC to JN, <date when="1854-10-08">8 Oct. 1854</date>
                                    </corr>
                                  </ref>), where Luther took refuge, <date when="1521-00-00">1521</date>; during TC’s tour of Germany, accompanied by Neuberg, <date when="1852-09-00">Sept. 1852</date>, he had visited Luther’s room in the Wartburg; see <ref target="volume-27/lt-18520919-TC-MAC-01">
                                  <sic>27:294–95</sic>
                                  <corr>TC to MAC, <date when="1852-09-19">19 Sept. 1852</date>
                                </corr>
                              </ref>, and <ref target="volume-28/lt-18530709-TC-TE-01">
                              <sic>28:192–93</sic>
                              <corr>TC to TE, <date when="1853-07-09">9 July 1853</date>
                            </corr>
                          </ref>.</note>
 but there is no discovering anything <pb id="pg-44-231" n="44:231"/>in this darkest of the sons of Chaos, <hi rend="italic">Merheineke</hi>, from whom I copy. However, he cites “<hi rend="italic">Luthers Werke</hi> (I suppose, Walch’s edition)
<note n="6" place="bottom" type="gloss" >
                          <hi rend="italic">Luthers sä

mmtliche Werke</hi>, ed. Johann Georg Walch, 24 vols. (Halle, <date when="1740-00-00">1740</date>–<date when="1753-00-00">53</date>); TC’s reference unverified.</note>

                          <hi rend="italic">d</hi> xv. 2378”; and all these details are easy to verify or rectify.)</p>
                          <p>Denn der Teufel weiss fast wohl dass ich’s aus keinem Zag gethan hab. (Er sahe mein Herzwohl, da ich zu Worms einkam, dass, wennich hä

tte gewüsst dass so viel Teufel auf mich gehalten hä

tten als Ziegel auf den Dä

chern sind, wä

re ich dennoch unter sie <hi rend="italic">gesp</hi>rüngen mit Freuden. Nun is Herzog Georg
<note n="7" place="bottom" type="gloss" >Georg der Fromme [the pious] (<date when="1484-00-00">1484</date>–<date when="1543-00-00">1543</date>), margrave of Brandenbuerg-Ansbach (spelled Anspach by TC), 3d son of Friedrich (<date when="1460-00-00">1460</date>–<date when="1536-00-00">1536</date>); a supporter of the Reformation, Georg corresponded with Luther; they met <date when="1525-00-00">1525</date> (see <hi rend="italic">Frederick</hi>, Carlyle, <hi rend="italic">Works</hi> 12:198).</note>
 weit ungleich einem einzigen Teufel. Und sintemal der Vater der abgrundlichen Barmherzigkeit uns [Then the Devil knows perfectly well that I have no problem dealing with him. I knew perfectly well that when I came to Worms I would encounter as many devils as there were slates on the roof, and I looked forward to the encounter with pleasure. And Herzog George is not just the same as one single devil. And thus the father of deepest good nature is] &amp;c &amp;c <hi rend="italic">why sh</hi>d <hi rend="italic">the anger of Duke George be so insuperable a phenomenon!</hi>— Here now is <hi rend="italic">your</hi> extract (T.O)):</p>
                          <p>Das weiss ich ja von mir wohl, den diese Sache zu Leipzig also stünde wie zu Wittenberg, so wollte ich hineinreiten, wenn’s gleich [Then I saw quite clearly that this matter is as important in Leipzig as in Wittenberg, so I decided to confront the matter with a will] ((omit) Ew. Ch. Gn. verzeih mir mein nä

rrisch Reden) neun Tage eital Herzog Georgen reguate, ((omit) und ein sieglicher wä

re neunfach wüthender denn dieser ist.)
<note n="8" place="bottom" type="gloss" >This last section of TC’s notes is unglossed as they do not make sense; TC made several errors in his transcription; Marheineke’s text reads: “Denn der Teufel weiss fast wohl, dass ichs aus keinem Zag gethan hab. Er sahe mein Herz wohl, da ich zu Worms einkam, das, wenn ich hä

tte gewusst, dass soviel Teufel auf mich gehalten hä

tten, als Ziegel auf den Dä

chern sind, ware ich dennoch under sie gesprungen mit Freuden. Nun ist Herzog Georg noch weit ungleich einem einigen Teufel. Und sintemal der Vater der <hi rend="italic">abgründlichen</hi> Barmherzigkeit uns. … / Das Weiss ich ja von mir wohl, wenn diese Sache zu Leipzig also stünde, wie zu Wittenberg, so wollte ich hineinreiten, wenns gleich (Ew. Ch. Gn. verzeih mir mein nä

rrisch Reden) neun Tage eitel Herzog Georgen regnete und ein sechlicher wä

re neunfach wüthender, denn dieser ist” (Philipp Marheineke [Marheinecke], <hi rend="italic">Geschichte der teutschen Reformation</hi>, 4 vols. [Berlin, <date when="1831-00-00">1831</date>–<date when="1834-00-00">34</date>] 1:317).</note>

                          <hi rend="italic">Marheineke</hi>: Geschichte der Teutschen Reformation (Berlin <date when="1831-00-00">1831</date>) 1:317:
<note n="9" place="bottom" type="gloss" >TC did not cite the passage in <hi rend="italic">Frederick</hi> but did cite Marheineke, <hi rend="italic">Geschichte der teutschen Reformation</hi> 2:487 in <hi rend="italic">Frederick</hi> (Carlyle, <hi rend="italic">Works</hi> 12:200).</note>
 —who cites <hi rend="italic">Luther’s werke</hi> as above.</p>
                        </docBody></div3>


<div3 type="letter">
<bibl xml:id="lt-18550705-TC-HG-01">
                          <docDate value="1867-05-08">[5] July 1855</docDate>
                          <idno type="firstpage">232</idno>
                          <idno type="lastpage">233</idno>
                          <docAuthor>
                            <name type="first">Thomas</name>
                            <name type="last">Carlyle</name>
                          </docAuthor>
                          <person type="sender">TC</person>
                          <person type="addressee">HARRIET GROTE</person>
                        </bibl>
<sourceNote>TC-HG, <date when="1855-07-05">[5] July 1855</date>. Pbd: <hi rend="italic">Posthumous Papers: Comprising Selections from Familiar Correspondence … by the late George Grote</hi>, ed. Harriet Grote (<date when="1874-00-00">1874</date>) 138–39. Dated by TC’s subsequent arrangement to visit Harriet Grote, <date when="1867-07-12">12 July</date>; see <ref target="volume-30/lt-18550710-TC-HG-01">
                          <sic>30:7</sic>
                          <corr>TC to HG, <date when="1855-07-10">10 July 1855</date>
                        </corr>
                      </ref>. Harriet Grote, b. Lewin (<date when="1792-00-00">1792</date>–<date when="1874-00-00">1874</date>; <ref target="volume-44/http://www.oxforddnb.com/view/article/11678">
                      <hi rend="italic">ODNB</hi>
                    </ref>), woman of letters. TC had written to her, <date when="1855-02-8">8 Feb. 1855</date>, asking if she could lend him some books on Voltaire; see <ref target="volume-29/lt-18550208-TC-HG-01">
                    <!-- 29:246&#8211;47 -->TC to HG, <date when="1855-02-08">8 Feb. 1855</date>
                    </ref>.</sourceNote><head>
                      <person type="sender">
                        <pb id="pg-44-232" n="44:232"/>TC</person> TO <person type="addressee">HARRIET GROTE</person>
                      </head><docBody>
                        <dateline>
                          <place>Chelsea</place>, <date when="1855-07-05">[5] July 1855</date>—</dateline>
                          <p>
                            <salute>D<hi rend="small-caps">ear</hi> M<hi rend="small-caps">rs</hi>
                            <hi rend="small-caps">.</hi> G<hi rend="small-caps">rote</hi>
                          </salute>,—I was just setting out—unluckily I am engaged to-morrow, and cannot get away readily any day except Sunday, till about 4 or 4.30 <hi rend="small-caps">p</hi>.<hi rend="small-caps">m</hi>., which latter is my natural hour for appearing in your part of the town.
<note n="1" place="bottom" type="gloss" >Harriet and George (<date when="1794-00-00">1794</date>–<date when="1871-00-00">1871</date>; <ref target="volume-44/http://www.oxforddnb.com/view/article/11677">
                          <hi rend="italic">ODNB</hi>
                          </ref>) Grote lived at 12 Savile Row in London.</note>
 First Sunday I will try at 2 (without your writing more): if that fail, then is it not the right course, after so many attempts of the <hi rend="italic">mountain</hi>, that <hi rend="italic">Mahomet</hi> do the feat (if Mahomet will be so good), especially as the said Mahomet drives out at any rate, moving with velocity and convenience combined?</p>
                          <p>Please (if so) bring me down the Châtelet book,
<note n="2" place="bottom" type="gloss" >Fran&amp;ccedil;oise d’Issembourg de Grafigny, <hi rend="italic">Vie privé

e de Voltaire et de Mme du Châtelet</hi> (Paris, <date when="1820-00-00">1820</date>); TC’s copy: HCC.</note>
 if you have done with it. I will in return gladly give you back <hi rend="italic">Sainte-Beuve</hi>

<note n="3" place="bottom" type="gloss" >Charles Augustin Sainte-Beuve (<date when="1804-00-00">1804</date>–<date when="1869-00-00">69</date>), French writer and critic; work unidentified, but TC referred to his articles in the magazine <hi rend="italic">Le Constitutionnel</hi> in <hi rend="italic">Frederick</hi> (Carlyle, <hi rend="italic">Works</hi> 18:183).</note>
 (who is an extremely poor creature), or any of the books I have which you may want … . and the “<hi rend="italic">Lettres Iné

dites</hi>”
<note n="4" place="bottom" type="gloss" >Possibly <hi rend="italic">Lettres Iné

dites de Madame la Marquise du Châtelet</hi> (Paris, <date when="1806-00-00">1806</date>), or Cô

me-Alexandre Collini, <hi rend="italic">Mon sé

jour auprès de Voltaire, et lettres iné

dites que m’é

crivit cet homme cé

lèbre, jusqu’ à la dernière anné

e de sa vie</hi> (Paris, <date when="1807-00-00">1807</date>).</note>
 are both here; good both. <hi rend="italic">Luchet</hi>

<note n="5" place="bottom" type="gloss" >Presumably Jean Pierre Louis La Roche du Maine, marquess of Luchet, <hi rend="italic">Histoire litté

raire de Monsieur de Voltaire</hi> (Cassel, <date when="1780-00-00">1780</date>), although TC had apparently just received a copy of this book from Neuberg; see <ref target="volume-29/lt-18550622-TC-JN-01">
                            <sic>29:337</sic>
                            <corr>TC to JN, <date when="1855-06-22">22 June 1855</date>
                          </corr>
                        </ref>.</note>
 I should like, for certain purposes, but fear you have it not. The <hi rend="italic">Vie</hi> by M. …
<note n="6" place="bottom" type="gloss" >
                        <hi rend="italic">La Vie de Voltaire</hi>, par M*** [Thé

ophile Imarigeon Duvernet] (Geneva, <date when="1786-00-00">1786</date>); see <ref target="volume-39/lt-18630507-TC-JAC-01">
                          <sic>39:122</sic>
                          <corr>TC to JAC, <date when="1863-05-07">7 May 1863</date>
                        </corr>
                      </ref>.</note>
 I am sorry to have missed getting. The other Voltairiana waste babble, for most part, without truth or accuracy, and full of impertinence not lovely to me. I begin to see my way towards doing without,—thank Heaven! By the way, the <hi rend="italic">best</hi> portrait I have ever seen of Voltaire was <hi rend="italic">Houdon’s</hi> bust,
<note n="7" place="bottom" type="gloss" >Jean-Antoine Houdon (<date when="1741-00-00">1741</date>–<date when="1828-00-00">1828</date>), French sculptor.</note>
 in the “Crystal Palace,” as they call it, the other day.
<note n="8" place="bottom" type="gloss" >TC visited the exhibitions in the Crystal Palace, <date when="1867-07-02">2 July</date>; see <ref target="volume-30/lt-18550706-TC-JAC-01">
                      <sic>30:5</sic>
                      <corr>TC to JAC, <date when="1855-07-06">6 July 1855</date>
                    </corr>
                    </ref>.</note>
 That, and a few more likenesses of men with names, was all I got from the miraculous palace in question; which certainly is a “glass box of never-imagined size,” and the “<hi rend="italic">Apotheosis</hi> of Cockneyism,” if not quite precursor of the millennium, as is vulgarly believed!</p>
                    <p>
                      <pb id="pg-44-233" n="44:233"/>Adieu! dear Mrs. Grote; I will take to my work again (very abominable work, but unavoidable), since you will not have me.</p>
                      <closer>
                        <salute>Yours always truly,</salute>

<name>
                          <name>T. C<hi rend="small-caps">arlyle</hi>.</name>
                        </name>

                      </closer>
                    </docBody></div3>


<div3 type="letter">
<bibl xml:id="lt-18560623-TC-UC-01">
                      <docDate value="1856-06-23">23 june, 1856</docDate>
                      <idno type="firstpage">233</idno>
                      <idno type="lastpage">233</idno>
                      <docAuthor>
                        <name type="first">Thomas</name>
                        <name type="last">Carlyle</name>
                      </docAuthor>
                      <person type="sender">TC</person>
                      <person type="addressee">UNIDENTIFIED CORRESPONDENT</person>
                    </bibl>
<sourceNote>TC-UC, <date when="1856-06-23">23 June 1856</date>. MS: Huntington. Hitherto unpbd. Presumably written by TC as an autograph.</sourceNote><head>
                      <person type="sender">TC</person> TO <person type="addressee">UNIDENTIFIED CORRESPONDENT</person>
                    </head><docBody>
                      <p>“Paradise is under the shadow of our swords,” said the Emir: “Forward”!
<note n="1" place="bottom" type="gloss" >Quotation attributed to Muhammed; see also <ref target="volume-29/lt-18540408-TC-RWE-01">
                        <sic>29:59</sic>
                        <corr>TC to RWE, <date when="1854-04-08">8 April 1854</date>
                      </corr>
                      </ref>.</note>
 —</p>
                      <closer>

<name>
                          <name>T. Carlyle</name>
                        </name>

                      </closer>
                      <postscript>
                        <p>
                          <place>Chelsea</place>, <date when="1856-06-23">23 june, 1856</date>—</p>
                        </postscript>
                      </docBody></div3>


<div3 type="letter">
<bibl xml:id="lt-18570428-TC-RWE-01">
                        <docDate value="1857-04-28">28 April 1857</docDate>
                        <idno type="firstpage">233</idno>
                        <idno type="lastpage">233</idno>
                        <docAuthor>
                          <name type="first">Thomas</name>
                          <name type="last">Carlyle</name>
                        </docAuthor>
                        <person type="sender">TC</person>
                        <person type="addressee">RALPH WALDO EMERSON</person>
                      </bibl>
<sourceNote>TC-RWE, <date when="1857-04-28">28 April 1857</date>. MS: Houghton. Hitherto unpbd. The letter precedes <ref target="volume-32/">TC to VL, <date when="1857-04-28">28 April 1857</date>
                      <!-- (32:135) -->
                      </ref>.</sourceNote><head>
                        <person type="sender">TC</person> TO <person type="addressee">RALPH WALDO EMERSON</person>
                      </head><docBody>
                        <dateline>
                          <place>Chelsea</place>, <date when="1857-04-28">28 April, 1857</date>—</dateline>
                          <salute>Dear Emerson,</salute>
                          <p>Permit me to recommend to you this young English gent<hi rend="italic">n</hi>

<note n="1" place="bottom" type="gloss" >Probably John Webb Probyn (<date when="1828-00-00">1828</date>–<date when="1915-00-00">1915</date>), author of <hi rend="italic">Essays on Italy and Ireland and the United States of America</hi> (<date when="1868-00-00">1868</date>) and later works.</note>
 (I think a Cambridge Scholar
<note n="2" place="bottom" type="gloss" >Probyn had graduated from Trinity Coll., Cambridge, <date when="1850-00-00">1850</date>.</note>
 ), friend of an excel<hi rend="italic">t</hi> and obliging young friend of mine,
<note n="3" place="bottom" type="gloss" >TC’s letter was written at the request of Vernon Lushington (<date when="1832-00-00">1832</date>–<date when="1912-00-00">1912</date>), writer and barrister; see <ref target="volume-32/lt-18570428-TC-VL-01">
                            <sic>32:136</sic>
                            <corr>TC to VL, <date when="1857-04-28">28 April 1857</date>
                          </corr>
                          </ref>, where Lushington’s friend is unidentified.</note>
 who describes him credibly in highly favourable terms,—a strong wish to see you, one of the qualities predicated.</p>
                          <p>You will actually oblige me, and help in repayment of a <hi rend="italic">debt</hi>,
<note n="4" place="bottom" type="gloss" >Lushington was helping TC with his <hi rend="italic">Collected Works</hi> (<date when="1857-00-00">1857</date>–<date when="1858-00-00">58</date>); see K. J. Fielding, “Vernon Lushington,” <hi rend="italic">Carlyle Newsletter</hi> 8 (<date when="1987-00-00">1987</date>): 7–18.</note>
 by complying (as you are sure to do) in this matter.</p>
                          <closer>
                            <salute>Yours ever truly /</salute>

<name>
                              <name>T. Carlyle</name>
                            </name>

                          </closer>
                          <postscript>
                            <p>R. W. Emerson Esq</p>
                            <p>By Mr Probyn</p>
                          </postscript>
                        </docBody></div3>


<div3 type="letter">
<bibl xml:id="lt-18581216-TC-CSSR-01">
                          <docDate value="1858-12-16">16 dec<hi rend="italic">r</hi>, 1858</docDate>
                          <idno type="firstpage">234</idno>
                          <idno type="lastpage">234</idno>
                          <docAuthor>
                            <name type="first">Thomas</name>
                            <name type="last">Carlyle</name>
                          </docAuthor>
                          <person type="sender">TC</person>
                          <person type="addressee">[CHARLES OR STEPHEN SPRING RICE]</person>
                        </bibl>
<sourceNote>TC-[C or SSR] [CSSR], <date when="1858-12-16">16 Dec. 1858</date>. MS: source untraced. Hitherto unpbd. Edge of first page on photocopy is cut off, so some words are missing. Recipient conjecturally identified as either Charles or Stephen Spring Rice.</sourceNote><head>
                          <person type="sender">
                            <pb id="pg-44-234" n="44:234"/>TC</person> TO <person type="addressee">CHARLES OR STEPHEN SPRING RICE</person>
                          </head><docBody>
                            <dateline>
                              <place>Chelsea</place>, <date when="1858-12-16">16 dec<hi rend="italic">r</hi>, 1858</date>—</dateline>
                              <salute>[Dear Sprin]g [Ric]e,</salute>
                              <p>I will try to come riding [on Su]nday (barring bad weather), to see Taylor
<note n="1" place="bottom" type="gloss" >Henry Taylor (<date when="1800-00-00">1800</date>–<date when="1886-00-00">1886</date>; <ref target="volume-44/http://www.oxforddnb.com/view/article/27030">
                                <hi rend="italic">ODNB</hi>
                                </ref>), poet and public servant, brother-in-law of the Spring Rices. The Taylors lived in Sheen, nr. Richmond, but during part of <date when="1858-00-00">1858</date> Alice Taylor (<date when="1818-00-00">1818</date>–<date when="1891-00-00">91</date>) had gone for her health to St. Leonard’s in Sussex, and Henry Taylor moved into lodgings in London while she was away (<hi rend="italic">Autobiography of Henry Taylor <date when="1800-00-00">1800</date>–<date when="1875-00-00">1875</date>
                                </hi> [<date when="1885-00-00">1885</date>] 2:151).</note>
 [. . .] But, alas, to <hi rend="italic">dine</hi> is far beyond <supplied>[per]</supplied>mission; I am forbidden even to try [for a] great many long months come! [. . .] being strangled by the Hydras <hi rend="italic">un</hi>assisted,—till once I get thro’ the remainder of this hideous job of mine;
<note n="2" place="bottom" type="gloss" >TC was working on <hi rend="italic">Frederick the Great</hi>.</note>
 and <hi rend="italic">then</hi> lie down to repos<supplied>[e]</supplied> (and dine on occasion), for the rest of my life[.]</p>
                                <closer>
                                  <salute>Yours ever truly /</salute>

<name>
                                    <name>T. Carlyle</name>
                                  </name>

                                </closer>
                              </docBody></div3>


<div3 type="letter">
<bibl xml:id="lt-18640118-TC-JCA-01">
                                <docDate value="1864-01-18">18 January 1864</docDate>
                                <idno type="firstpage">234</idno>
                                <idno type="lastpage">234</idno>
                                <docAuthor>
                                  <name type="first">Thomas</name>
                                  <name type="last">Carlyle</name>
                                </docAuthor>
                                <person type="sender">TC</person>
                                <person type="addressee">JEAN CARLYLE AITKEN</person>
                              </bibl>
<sourceNote>TC-JCA, <date when="1864-01-18">18 Jan. 1864</date>. MS: EUL. Hitherto unpbd. The letter follows TC to EDOW, <date when="1864-01-13">13 Jan. 1864</date> (40:8).</sourceNote><head>
                                <person type="sender">TC</person> TO <person type="addressee">JEAN CARLYLE AITKEN</person>
                              </head><docBody>
                                <dateline>
                                  <place>Chelsea</place>, Monday Ev<hi rend="italic">g</hi>
                                  <date when="1864-01-18">18 jan<hi rend="italic">y</hi> [1864]</date>—</dateline>
                                  <p>
                                    <salute>Dear Jean</salute>,—Yesterday and this morning I c<hi rend="italic">d</hi> send you no good news: there was a relapse, sad to look upon; no sleep ag<hi rend="italic">n</hi>, no &amp;c &amp;c,—requiring all one’s obstinacy to keep hopeful under: but since this forenoon, there has been a good deal of sleep (of its kind), and we seem to be fairly progressive ag<hi rend="italic">n</hi>. The Drs
<note n="1" place="bottom" type="gloss" >JWC had been very ill since autumn <date when="1863-00-00">1863</date>, and was being attended by Dr. Alfred Barnes (ca. <date when="1802-00-00">1802</date>–<date when="1867-00-00">67</date>) and Dr. Richard Quain (<date when="1816-00-00">1816</date>–<date when="1898-00-00">98</date>; <ref target="volume-44/http://www.oxforddnb.com/view/article/22941">
                                      <hi rend="italic">ODNB</hi>
                                    </ref>); see <ref target="volume-40/lt-18640104-TC-JCA-01">
                                    <sic>40:2</sic>
                                    <corr>TC to JCA, <date when="1864-01-04">4 Jan. 1864</date>
                                  </corr>
                                </ref>.</note>
 never falter in their substantially hopeful prognosticat<hi rend="italic">n</hi>; nor, except at bad moments do I: but the misery is enormous;—and I think they have ab<hi rend="italic">t</hi> admitted that their drugs can do no good at all.— You talk of “<hi rend="italic">quitting</hi> the Book
<note n="2" place="bottom" type="gloss" >
                                <hi rend="italic">Frederick the Great</hi>.</note>
 for six months,”—I c<hi rend="italic">d</hi> as soon take and hang myself at once. Either the Book must finish or I! if you knew it.— But certainly to get on with it in any perceptible degree at all is not a simple operat<hi rend="italic">n</hi>, as matters go. Enough, enough.</p>
                                <closer>
                                  <salute>Yours in the extremity of haste (11 p.m.)</salute> /
<name>
                                    <name>T.C.</name>
                                  </name>

                                </closer>
                              </docBody></div3>


<div3 type="letter">
<bibl xml:id="lt-18640225-TC-JCA-01">
                                <docDate value="1865-02-25">25 Feb<hi rend="italic">y</hi>, 1865</docDate>
                                <idno type="firstpage">235</idno>
                                <idno type="lastpage">235</idno>
                                <docAuthor>
                                  <name type="first">Thomas</name>
                                  <name type="last">Carlyle</name>
                                </docAuthor>
                                <person type="sender">TC</person>
                                <person type="addressee">JEAN CARLYLE AITKEN</person>
                              </bibl>
<sourceNote>TC-JCA, <date when="1865-02-25">
                                <date when="1867-02-25">25 Feb.</date> 1865</date>. MS: EUL. Hitherto unpbd. The letter follows TC to JR, <date when="1865-02-25">25 Feb. 1865</date> (41:177).</sourceNote><head>
                                  <person type="sender">
                                    <pb id="pg-44-235" n="44:235"/>TC</person> TO <person type="addressee">JEAN CARLYLE AITKEN</person>
                                  </head><docBody>
                                    <dateline>
                                      <place>Chelsea</place>, <date when="1865-02-25">25 Feb<hi rend="italic">y</hi>, 1865</date>—</dateline>
                                      <p>
                                        <salute>Dear Jean</salute>,—I suppose you will get this tomorrow; so I send it as better than nothing, to keep matters quiet. We are going on here in the old way; Jane still daily occupied with regimen, with <hi rend="italic">driving</hi>

<note n="1" place="bottom" type="gloss" >JWC was driving out every day for two hours in the brougham that TC had bought for her; see <ref target="volume-41/lt-18641031-JWC-MR-01">
                                          <sic>41:84–85</sic>
                                          <corr>JWC to MR, [<date when="1864-10-31">31 Oct. 1864</date>]</corr>
                                        </ref>.</note>
 as the main point; and pretty much up to her old point ag<hi rend="italic">n</hi>, I sh<hi rend="italic">d</hi> hope. Our whirlpools of bad weather are away for the pres<hi rend="italic">t</hi>;
<note n="2" place="bottom" type="gloss" >The weather had been very bad the previous week but was now much improved; see <ref target="volume-41/lt-18650216-JWC-LLA-01">
                                        <sic>41:170</sic>
                                        <corr>JCW to LLA, [<date when="1865-02-16">16 Feb. 1865</date>]</corr>
                                      </ref>, and <ref target="volume-41/lt-18650228-JWC-MR-01">
                                      <sic>178</sic>
                                      <corr>JCW to MR, [<date when="1865-02-28">28 Feb. 1865</date>]</corr>
                                    </ref>.</note>
 went yesterday in a deluge of westerly rain, wh<hi rend="italic">h</hi> lasted till 3 p.m., and then left me (what was beyond expectat<hi rend="italic">n</hi> and very handsome) room for a fair ride. No news comes from Devonshire; but I suppose there will soon, &amp; that we shall get into that part of our adventures,
<note n="3" place="bottom" type="gloss" >Lady Ashburton had invited TC and JWC to her house at Seaton in Devon, but wrote advising them not to come until the weather improved; see <ref target="volume-41/lt-18650216-TC-JAC-01">
                                    <sic>41:170</sic>
                                    <corr>TC to JAC, <date when="1865-02-16">16 Feb. 1865</date>
                                  </corr>
                                </ref>. They eventually went to Seaton on <date when="1867-03-08">8 March</date>; see <ref target="volume-41/lt-18650309-TC-JAC-01">
                                <sic>41:182</sic>
                                <corr>TC to JAC, <date when="1865-03-09">9 March 1865</date>
                              </corr>
                            </ref>.</note>
 wh<hi rend="italic">h</hi> is of course the first step for getting <hi rend="italic">out</hi> of it ag<hi rend="italic">n</hi>, and having Scotland ahead.
<note n="4" place="bottom" type="gloss" >TC traveled to Scotland <date when="1867-05-22">22 May</date> (see <ref target="volume-42/lt-18650522-TC-JWC-01">
                            <sic>42:32</sic>
                            <corr>TC to JWC, <date when="1865-05-22">(23 [22] May) 1865</date>
                          </corr>
                        </ref>) while JWC remained at home until <date when="1867-06-17">17 June</date> when she went to stay with Mary Russell at Holmhill near Thornhill (see <ref target="volume-42/lt-18650617-JWC-TC-01">
                        <sic>42:87</sic>
                        <corr>JWC to TC, [<date when="1865-06-17">17 June 1865</date>]</corr>
                      </ref>).</note>
 — I am <hi rend="italic">idle</hi> as a dry bone; never was so idle in my life: I decline to meddle in the smallest with anything ab<hi rend="italic">t</hi> the Book: maps, <hi rend="italic">index</hi> &amp;c &amp;c, settle it <hi rend="italic">all</hi> y<hi rend="italic">r</hi>selves;
<note n="5" place="bottom" type="gloss" >TC had finished writing <hi rend="italic">Frederick the Great</hi>, but Henry Larkin (<date when="1820-00-00">1820</date>–<date when="1899-00-00">99</date>; see <ref target="volume-41/ed-41-biographical-notes">
                      <sic>41:232–33</sic>
                      <corr>41:biographical notes</corr>
                    </ref>) was still working on the maps and index; see <ref target="volume-41/lt-18650216-TC-JAC-01">
                    <sic>41:169</sic>
                    <corr>TC to JAC, <date when="1865-02-16">16 Feb. 1865</date>
                  </corr>
                </ref>.</note>
 I have had enough! I read a little, idly; lounge and loiter ab<hi rend="italic">t</hi>, idly. I am sunk together into bilious collapse; greatly <hi rend="italic">done out</hi> in fact; but expect to rally by slow degrees, and be better to some extent for a while.—— A letter from the Dr
<note n="6" place="bottom" type="gloss" >Their brother John A. Carlyle, currently lodging in Edinburgh.</note>
 wh<hi rend="italic">h</hi> I may as well inclose came yesterday; I sh<hi rend="italic">d</hi> have written to him, but was just on the road <hi rend="italic">out</hi>, yesterday when his letter came, &amp; today or tomorrow there is no post that way. I am concerned for poor Jamie’s <hi rend="italic">eye</hi>,
<note n="7" place="bottom" type="gloss" >Their brother James Carlyle, suffering from a cyst on his eyelid; see <ref target="volume-41/lt-18650408-TC-JCA-01">
                <sic>41:204</sic>
                <corr>TC to JCA, <date when="1865-04-08">8 April 1865</date>
              </corr>
              </ref>.</note>
 and wish I heard of the case <hi rend="italic">being</hi> accomplished. My own <hi rend="italic">ancle</hi>

<note n="8" place="bottom" type="gloss" >TC had been thrown from his horse, <date when="1867-01-09">9 Jan.</date>, hurting his ankle; see <ref target="volume-41/lt-18650113-JWC-MR-01">
                <sic>41:145–46</sic>
                <corr>JWC to MR, [<date when="1865-01-13">13 Jan. 1865</date>]</corr>
              </ref>, and <ref target="volume-41/lt-18650116-TC-JAC-01">
              <sic>147</sic>
              <corr>TC to JAC, <date when="1865-01-16">16 Jan. 1865</date>
            </corr>
            </ref>.</note>
 is now of no moment to speak of. Oh dear, oh dear, what a loiterer &amp; laggard I am! The day’s brightness is brief; and I sit spending it <hi rend="italic">here</hi>, instead of better.</p>
            <closer>
              <salute>Adieu dear Sister. /</salute>

<name>
                <name>T.C.</name>
              </name>

            </closer>
            <postscript>
              <p>The hideous mass of litter (w<hi rend="italic">d</hi> fill a cart-body) wh<hi rend="italic">h</hi> had been accumulating <hi rend="italic">nine years</hi> from that “Book”: I tumbled it out, &amp; it is gradually <hi rend="italic">lighting fires</hi>. It really was worth nothing even for y<hi rend="italic">r</hi> kind object.</p>
            </postscript>
          </docBody></div3>


<div3 type="letter">
<bibl xml:id="lt-18650527-TC-UC-01">
            <docDate value="1865-05-27">27 May 1865</docDate>
            <idno type="firstpage">236</idno>
            <idno type="lastpage">236</idno>
            <docAuthor>
              <name type="first">Thomas</name>
              <name type="last">Carlyle</name>
            </docAuthor>
            <person type="sender">TC</person>
            <person type="addressee">UNIDENTIFIED CORRESPONDENT</person>
          </bibl>
<sourceNote>TC-UC, <date when="1865-05-27">27 May 1865</date>. MS: Bonham’s, auction 22509, lot 11, New York, <date when="2015-12-9">9 Dec. 2015</date>. TC copied out, signed, and dated the Goethe poem, “For the tie is snapt asunder,” for an unidentified correspondent. Bonham’s noted that Sotheby’s had sold it previously, <date when="1981-10-28">28 Oct. 1981</date>, lot 560. TC used the same poem for another unidentified correspondent, <date when="1865-08-7">7 Aug. 1865</date>; see <ref target="volume-42/lt-18650807-TC-JWC-01">
            <!-- 42:176 -->TC to JWC, <date when="1865-08-07">7 Aug. 1865</date>
            </ref>. Rodger L. Tarr and Fleming McClelland, eds., pbd. the poem with a different final line, <hi rend="italic">Collected Poems of Thomas and Jane Welsh Carlyle</hi> (Greenwood, Fla., [<date when="1986-00-00">1986</date>]) 91. TC’s version of Goethe’s poem and autograph follows <ref target="volume-42/lt-18650526-JWC-TC-01">TC to JWC, [<date when="1865-05-26">26 May 1865</date>]</ref>
            <!-- (42:43) -->. For TC’s pbd. trans. of Goethe’s poem, see <hi rend="italic">Wilhelm Meister’s Travels</hi>, Carlyle, <hi rend="italic">Works</hi> 24:344.</sourceNote><head>
              <person type="sender">
                <pb id="pg-44-236" n="44:236"/>TC</person> TO <person type="addressee">UNIDENTIFIED CORRESPONDENT</person>
              </head><docBody>
                <p>(From Goethe)</p>
                <p>“For the tie is snapt asunder,</lb>
                <p>Trust and loving hope are fled:</lb>
                <p>Can I tell, in fear and wonder,</lb>
                <p>With what dangers round bested,
<note n="1" place="bottom" type="gloss" >Tarr and McClelland print “now,” not “round”; the printed version of the poem in <hi rend="italic">Wilhelm Meister’s Travels</hi> had “bestead,” another version of “bested” [situated].</note>

              </p>
              <p>I, cut off from friend and brother,</lb>
              <p>Like the widow in her woe,</lb>
              <p>With the one and not the other,</lb>
              <p>Now my weary way must go!”
<note n="2" place="bottom" type="gloss" >Tarr and McClelland’s last line was “On and on, my way must go!”</note>
—</p>
              <closer>
                <salute>T. Carlyle</salute>
              </closer>
              <postscript>
                <p>Dumfries, Scotland</p>
                <p>(for Chelsea London),</p>
                <p>
                  <date when="1865-05-27">27 May, 1865</date>—</p>
                </postscript>
              </docBody></div3>


<div3 type="letter">
<bibl xml:id="lt-18650900-TC-JMC-01">
                <docDate value="1865-09-00">September 1865</docDate>
                <idno type="firstpage">236</idno>
                <idno type="lastpage">236</idno>
                <docAuthor>
                  <name type="first">Thomas</name>
                  <name type="last">Carlyle</name>
                </docAuthor>
                <person type="sender">TC</person>
                <person type="addressee">JULIA MARGARET CAMERON</person>
              </bibl>
<sourceNote>TC-JMC, [<date when="1865-09-00">Sept. 1865</date>?]. Pbd: Maggs Bros. catalog inc; the note was inserted into a copy of <hi rend="italic">The French Revolution</hi> (<date when="1837-00-00">1837</date>). Julia Margaret Cameron (<date when="1815-00-00">1815</date>–<date when="1879-00-00">79</date>; <ref target="volume-44/http://www.oxforddnb.com/view/article/4449">
                <hi rend="italic">ODNB</hi>
              </ref>), photographer. The letter was written after Cameron took up photography (<date when="1863-00-00">1863</date>) and before JWC died (<date when="1866-04-21">21 April 1866</date>). Conjecturally dated <date when="1865-09-00">Sept. 1865</date> after the Carlyles had a spate of photographs taken by John Watkins and Elliott &amp; Fry, <date when="1865-04-00">April 1865</date> (<!-- 41:215 -->
              <ref target="volume-41/lt-18650421-TC-JOWA-01">TC to JOWA, <date when="1865-04-21">21 April 1865</date>
            </ref>; <ref target="volume-41/lt-18650425-JWC-JOWA-01">JWC to JOWA, [<date when="1865-04-25">25 April 1865</date>]</ref>; <!-- 217 -->
            <ref target="volume-41/lt-18650425-JWC-MCA-01">JWC to MCA, [ca. <date when="1865-04-25">25 April 1865</date>]</ref>; and vol. 42), and when they were both back in Chelsea after their respective summer travels. It precedes <ref target="volume-42/lt-18650930-TC-AWH-01">
              <!-- 42:228 -->TC to AWH, [<date when="1865-09-30">late Sept. 1865</date>]</ref>.</sourceNote><head>
                <person type="sender">TC</person> TO <person type="addressee">JULIA MARGARET CAMERON</person>
              </head><docBody>
                <dateline>
                  <date when="1865-09-00">[September 1865]</date>
                </dateline>
                <p>We cannot come to-morrow but there will another day arrive (other days, with the sun in them, and a studio nearer hand), and you shall have a stroke at my face if you persist in wishing it.
<note n="1" place="bottom" type="gloss" >There is no record of Cameron photographing TC before <date when="1867-00-07">7</date> or <date when="1867-06-08">8 June 1867</date>; see <ref target="volume-44/lt-18670609-TC-JMC-01">TC to JMC, <date when="1867-06-09">9 June 1867</date>
                </ref>.</note>
 Depend upon that, and let us (as the Latins say) “hasten slowly.”</p>
              </docBody></div3>


<div3 type="letter">
<bibl xml:id="lt-18660616-TC-CAW-01">
                <docDate value="1866-06-16">16 June 1866</docDate>
                <idno type="firstpage">237</idno>
                <idno type="lastpage">237</idno>
                <docAuthor>
                  <name type="first">Thomas</name>
                  <name type="last">Carlyle</name>
                </docAuthor>
                <person type="sender">TC</person>
                <person type="addressee">CHARLES A. WARD</person>
              </bibl>
<sourceNote>TC-CAW, <date when="1867-06-16">16 June 1866</date>. Addr: 1 Chapel Street, Curzon Street / Mayfair. PM: London, <date when="1866-06-16">16 June 1866</date>. MS: NLS Acc. 9086. Hitherto unpbd. The letter follows <ref target="lt-18660522-TC-GEJ-01">TC to GEJ, <date when="1866-05-22">22 May 1866</date>
            </ref>; see also <ref target="volume-43/lt-18660619-JAC-WDO-01">
            <!-- 43:233 -->JAC to WDO, <date when="1866-06-19">19 June 1866</date>
            </ref>.</sourceNote><head>
              <person type="sender">
                <pb id="pg-44-237" n="44:237"/>TC</person> TO <person type="addressee">CHARLES A. WARD</person>
              </head><docBody>
                <dateline>
                  <place>Chelsea</place>, <date when="1866-06-16">16 june, 1866</date>
                </dateline>
                <salute>Dear Sir,</salute>
                <p>Thanks for y<hi rend="italic">r</hi> kind bit of attention: the Strawberries
<note n="1" place="bottom" type="gloss" >Charles Augustus Ward regularly sent the Carlyles presents of food; see, for instance, <ref target="volume-43/lt-18651021-TC-CAW-01">
                  <sic>43:19</sic>
                  <corr>TC to CAW, <date when="1865-10-21">21 Oct. 1865</date>
                </corr>
              </ref>.</note>
 were of very good quality;—d<hi rend="italic">o</hi> the criticism on Ruskin;
<note n="2" place="bottom" type="gloss" >Ruskin had just pbd., late May, <hi rend="italic">The Crown of Wild Olive</hi> (<date when="1867-00-00">1867</date>) (see <ref target="volume-43/lt-18660214-TC-JRU-01">
              <sic>43:123</sic>
              <corr>TC to JRU, <date when="1866-02-14">14 Feb. 1866</date>
            </corr>
          </ref>), and Ward may have written a review of the book.</note>
 wh<hi rend="italic">h</hi> I agreed in wholly, <hi rend="italic">except</hi> when you seem to question not his <hi rend="italic">strength</hi> alone, but his <hi rend="italic">sincerity</hi> a little too; wh<hi rend="italic">h</hi> latter I can testify to be <hi rend="italic">complete</hi>, and even vehement and painful to him. If he live, there will be mission enough for him in the next 20 years. You too,—tho’ I w<hi rend="italic">d</hi> not have you take up “literature,” to hurt of y<hi rend="italic">r</hi> real employ<hi rend="italic">t</hi>,
<note n="3" place="bottom" type="gloss" >Ward was a wine merchant, but wanted to be a writer; see <ref target="volume-44/lt-18660801-TC-CAW-01">
          <corr>TC to CAW, <date when="1867-08-01">1 Aug. 1866</date>
        </corr>
        </ref>.</note>
 —must actually prepare to help him a little in that huge but sacredly needful enterprise. The harvest so great, the labourers so few.</p>
        <closer>
          <salute>Good be with you always</salute>

<name>
            <name>T. Carlyle</name>
          </name>

        </closer>
      </docBody></div3>
